"","MS(1)-norm","MS(2)-sstd-ged","MS(3)-sged-std-sged"," µº ÷µ"
"1",-0.0723164104028331,-0.0159132747588078,-0.0199420701619524,0.00154759095220923
"2",-0.0723164236185274,-0.0159132981125689,-0.0179276954520673,0.00728494052727698
"3",-0.0723164146266821,-0.0320284629096732,-0.0360572580813741,0.00991355561599913
"4",-0.0723163970678922,-0.0320284357296285,-0.046129222198021,0.00411158435116003
"5",-0.0723163939947633,-0.0259852365192677,-0.0300140328214846,0.00563622146913985
"6",-0.0723163892987944,-0.0239708305844302,-0.0300140254237256,-0.00232056723131479
"7",-0.0723163916323046,-0.0179276398048032,-0.0138988433731364,-0.000510958967679121
"8",-0.072316392838766,-0.0179276419037153,-0.0118844473553763,-0.0015051791960841
"9",-0.0723163929120509,-0.015913243850439,-0.00785565112735154,0.00289805583707952
"10",-0.0723163930516819,-0.0179276422741306,-0.0098700495663453,0.0028345416404974
"11",-0.0723163914811165,-0.0179276395417769,-0.00987004666187485,0.00493028364666454
"12",-0.0723163915968363,-0.0219564361767079,-0.0138988433094875,0.00732592732673402
"13",-0.072316381746828,-0.0239708180667872,-0.0239708180667872,-0.000580185683762146
"14",-0.0723163817260128,-0.0199420210578083,-0.0098700286216149,-0.00862384904744061
"15",-0.0723164934732272,-0.0320285849598048,-0.034042980385476,-0.00281258336999211
"16",-0.0723165348602204,-0.0239710718574784,-0.011884706106793,-0.00135804612513246
"17",-0.0723165348842425,-0.0179278890239281,-0.00785591756831416,0.00148156494652238
"18",-0.0723165729159387,-0.0179279551886597,-0.00785598894286754,0.0027833974599703
"19",-0.0723165795621932,-0.0179279667513215,-0.00785600141597476,0.0042521409837827
"20",-0.0723165782670308,-0.0199423576006472,-0.0098703920878811,0.00177683119353373
"21",-0.0723165785595321,-0.0179279650069659,-0.00785599953426841,0.00219503240423896
"22",-0.0723166122301346,-0.0159136314125323,-0.00785606272430339,-0.00130120871484797
"23",-0.0723168002885746,-0.0138995767152097,-0.00584202863612493,0.00252509525600365
"24",-0.0723172928127447,-0.0159148340859114,-0.00584296645611992,0.00355089599258377
"25",-0.0723175419044229,-0.0179296409631458,-0.0078578074555018,0.00754025528498219
"26",-0.0723178851482165,-0.0259876673036641,-0.0179302381133073,0.00588689284795578
"27",-0.0723188743093146,-0.0239749495744703,-0.0159176287853295,0.00542880837113492
"28",-0.0723304062822885,-0.0219800499617853,-0.0159380072033248,0.00473549138726664
"29",-0.0723304995983918,-0.0199661954968129,-0.0159381721043836,-0.00284295984437309
"30",-0.0723310645769104,-0.0159391704910814,-0.00989718183902832,-0.00364961075304617
"31",-0.0723311308773824,-0.0159392876521893,-0.00788331004859044,0.000423949417469158
"32",-0.0723314319999753,-0.0159398197729355,-0.00788387516907263,0.0149396254428604
"33",-0.0743461142264732,-0.0380947164487973,-0.0763600807696776,-0.022533357258683
"34",-0.0763602748089509,-0.038095017350279,-0.106569688592113,0.00206045046021697
"35",-0.074346436303742,-0.0340672868916401,-0.0622626914801114,0.000595397585332604
"36",-0.0743464657745463,-0.030039419684831,-0.0340673329657142,-0.000179728566336078
"37",-0.0743472702426367,-0.0260128547377891,-0.032054656675895,-0.000121880979947603
"38",-0.0723357490390946,-0.0199751842651397,-0.0300445236447464,0.000320138167171147
"39",-0.0723363582693872,-0.0159485250983347,-0.0300454833910979,0.000243484123875553
"40",-0.07233673364667,-0.0139353475359014,-0.0280322338385008,0.000740796819273776
"41",-0.0723368846829828,-0.0139356185736683,-0.0260186391480093,0.00119078529048243
"42",-0.0723377439504898,-0.0139371605468661,-0.0219924134301244,0.00167943627783043
"43",-0.0723379274181186,-0.0139374897832958,-0.0199789143662084,0.00318768565707093
"44",-0.0723380671587825,-0.0179653492823741,-0.02199295801396,0.000172064064912816
"45",-0.0723383027013924,-0.0159519611494121,-0.0119243653242707,7.68743583816022e-05
"46",-0.0723383467553631,-0.0139382422925975,-0.00789685217575964,-0.000465473159422673
"47",-0.0723383714691934,-0.0119244906135521,-0.00588310252798796,-0.00147711102408003
"48",-0.0723387964342783,-0.0119252648650081,-0.00387012732243885,-0.000493693923959996
"49",-0.0723388788269383,-0.0119254149776633,-0.00387028646442644,-0.000216107491084839
"50",-0.0723390481070882,-0.0119257233921828,-0.00387061343019535,0.000198856594093499
"51",-0.072339615743906,-0.0119267575798097,-0.00387170982459661,0.000130384375481525
"52",-0.0723399154495534,-0.0119273036188656,-0.0038722887081073,0.000630252784642057
"53",-0.0723404458763282,-0.0119282700128527,-0.003873313231056,0.00407296289946335
"54",-0.072340745262562,-0.0219974704353967,-0.0079013534837904,-0.00213150384254593
"55",-0.0723408541942736,-0.013942741943245,-0.00588782990862025,-0.00041376556409951
"56",-0.0723408546198026,-0.0139427427068657,-0.00387410272187649,-0.00223906423338866
"57",-0.0723410425180984,-0.0139430798942179,-0.00387446564872151,-0.000164650689832687
"58",-0.0723410432496945,-0.0139430812070822,-0.00387446706180428,0.00100358451575009
"59",-0.0723411531306524,-0.0139432783907194,-0.00387467929762741,-9.74674844208483e-05
"60",-0.0723412535787091,-0.0119297415802042,-0.00387487331373682,5.25585850896509e-05
"61",-0.0723412613345926,-0.0119297557107867,-0.00387488829427918,2.5760391678803e-05
"62",-0.0723433221491772,-0.0119335103455771,-0.00387886877176391,2.41606257589946e-05
"63",-0.0723433247891718,-0.0119335151554307,-0.00387887387093211,1.91700022699535e-05
"64",-0.0723454700618147,-0.0119374236658623,-0.0038830174797353,0.00101432820838957
"65",-0.0723456123486512,-0.0119376829007838,-0.00388329230773476,0.00143485470684319
"66",-0.0723459751925968,-0.0139519316799619,-0.00388399314330079,0.00246407224512966
"67",-0.0723461677738912,-0.0159658597021846,-0.00388436511539036,0.00445566414676645
"68",-0.0723462665475385,-0.0179796139724018,-0.00791171534737645,0.00395102417628766
"69",-0.0723464880381546,-0.0179799993053913,-0.0079121310215462,0.00277732444000701
"70",-0.0723468163687262,-0.0159670058492216,-0.00791274720357804,0.00209090472653149
"71",-0.0723469243765191,-0.0159671967123076,-0.00791294990313451,0.00224977361048815
"72",-0.0723471685227661,-0.0159676281488266,-0.00589985308205154,0.00179676000802277
"73",-0.0723471759055574,-0.0139540863840419,-0.00589986713969504,-7.48330264281746e-05
"74",-0.072347671487641,-0.013954975716274,-0.00590081078229243,0.000571142911796398
"75",-0.0723478614436326,-0.0119417805669826,-0.00388763645009593,-0.00402260298887846
"76",-0.0723478694854107,-0.0260365458807343,-0.0139553310273406,-0.0052579059566708
"77",-0.0723497017468686,-0.0240260471079503,-0.0280530183278602,-0.00259461065929194
"78",-0.0723500483243169,-0.0159727171132107,-0.00993228876916352,-0.00373070589899945
"79",-0.0723500977771905,-0.0139593297427261,-0.00993238022310772,-0.00085097163201652
"80",-0.0723501422827559,-0.0139594096088775,-0.00590551544696338,-0.000818823765305641
"81",-0.0723501473824821,-0.0119459453596813,-0.00590552515740117,-0.000346879142647026
"82",-0.072350147568949,-0.0119459456994082,-0.00389205211680288,-0.00140551038028255
"83",-0.0723501493768215,-0.0119459489932034,-0.00389205560872097,-0.000813086785374244
"84",-0.072350166440877,-0.0119459800825101,-0.00389208856806111,-0.000417383562338662
"85",-0.0723501676177207,-0.0119459822266228,-0.00389209084114306,0.0010436694517453
"86",-0.0723501679351235,-0.0119459828049047,-0.00389209145420866,-0.000551866741605264
"87",-0.0723501983631021,-0.0119460382421805,-0.0038921502260576,0.0031835144405592
"88",-0.072350336329388,-0.0159732260536787,-0.00590588493301625,0.000399952760639089
"89",-0.0723504916683473,-0.0139600365885004,-0.00389271674714742,0.00135961391853341
"90",-0.0723763745402195,-0.0140064839339149,-0.00394270969144861,0.00727150469549629
"91",-0.0723966319866529,-0.0261160354375538,-0.0281282352875145,0.00393546895207971
"92",-0.0724014980610119,-0.022099834739634,-0.0100274355425034,0.00270828112644173
"93",-0.0724117456664113,-0.0180935296997558,-0.0100463865935845,0.00105268687076939
"94",-0.072422304205942,-0.0161004021643012,-0.00805441615835267,-0.00412404608261969
"95",-0.0724470414845024,-0.0161441159853188,-0.0101116596818349,-0.00428271741569271
"96",-0.072455817200836,-0.0161596237580184,-0.0101278887462879,-0.00169812410535569
"97",-0.0724625577942428,-0.0141611415541487,-0.00611956690034243,-0.00175161361782037
"98",-0.0724629231572627,-0.0121514135520895,-0.00612026259157217,-0.00188832697451355
"99",-0.0724634920442975,-0.0121524500175092,-0.00612134581483037,-0.00100951385411002
"100",-0.0724636095722784,-0.0121526641438308,-0.0041112047533709,-0.000198936726826743
"101",-0.028236183043036,-0.00813263715120915,-0.00411192797284365,0.00119049398935229
"102",-0.0282369695191644,-0.00813355806770155,-0.00411287577740893,0.00209608048061992
"103",-0.0282371004656479,-0.0101440503049439,-0.00411303358470927,0.00312710461453477
"104",-0.0282374411556319,-0.012154776491756,-0.00612377724280266,0.00172094532160852
"105",-0.0282377641763856,-0.0101448161250259,-0.00612416100250157,6.39553808442149e-05
"106",-0.0282380057000371,-0.0101450948061623,-0.00411412450820414,0.00142153866038711
"107",-0.0282382447914993,-0.0101453706809265,-0.00411441264406887,-0.000486704456388718
"108",-0.0282384380418856,-0.00813527761994748,-0.00411464553555985,0.000366196902077742
"109",-0.0282386474071916,-0.00813552277419483,-0.00411489784759556,0.000726026007643366
"110",-0.0282388064476273,-0.00813570900102967,-0.00411508951171013,0.000200997048863743
"111",-0.0282388958848399,-0.00813581372665451,-0.00411519729501753,0.000409424025207754
"112",-0.0282390795984295,-0.00813602884427667,-0.00411541869344623,0.00501079773532957
"113",-0.0282402624980429,-0.0181888382234976,-0.0121579836587704,0.00479726568779857
"114",-0.028240258540587,-0.0161785490052397,-0.0121579791601238,0.000721810832323341
"115",-0.0282404498379218,-0.0141684782702962,-0.00813763331274231,0.000808742317873713
"116",-0.0282405251230322,-0.012158282198288,-0.00612744110150909,0.00320586105120348
"117",-0.0282406082878304,-0.01215837673605,-0.00813781884810494,0.00736721833084172
"118",-0.0282408594947481,-0.0161792115957251,-0.0201997608953994,0.00136657767706634
"119",-0.0282408754925196,-0.0141689548579225,-0.0101484061051806,0.00174609504638914
"120",-0.028241255426342,-0.0121591123721361,-0.00813857660858464,0.00118996630123522
"121",-0.0282412554069627,-0.0101488444679994,-0.00813857658589234,0.00315209140470598
"122",-0.0282412570667405,-0.0121591142368624,-0.0101488463831279,0.00439926403928959
"123",-0.0282412516598713,-0.0121591080905925,-0.0141693760367525,0.00261340128746895
"124",-0.0282412505489722,-0.0121591068277755,-0.0101488388626259,0.00166584980779391
"125",-0.0282412505744483,-0.0101488388920215,-0.0101488388920215,0.00334751558181398
"126",-0.0282421166927331,-0.0101498382592731,-0.0121600914185465,0.00604715736290458
"127",-0.0282428716233862,-0.0141711898420551,-0.0202019106054827,0.00733322217463415
"128",-0.0282428609937355,-0.0141711779404805,-0.0282428609937355,0.0107619574158599
"129",-0.0302531216402555,-0.0161814410473897,-0.0443248022331211,0.00702220627734157
"130",-0.030253189263802,-0.0161815169033681,-0.0342736670810688,0.00873445592611838
"131",-0.0302531834948518,-0.016181510432111,-0.0362839005217408,0.00462777347647305
"132",-0.0302538358660644,-0.0141720145590511,-0.0262333805393111,0.00662834955764097
"133",-0.0302606615304224,-0.0141797898810589,-0.028250552574252,0.00324069166763707
"134",-0.0302606592548875,-0.0121696782931828,-0.0222202232719078,0.00261197700883637
"135",-0.0302608386815388,-0.0121698858040056,-0.0202103093051316,0.00180213803166086
"136",-0.0302748051475417,-0.0101761753453362,-0.0182156272662184,0.00392878615369717
"137",-0.0302777161890184,-0.012189405008308,-0.0222384667753694,0.00818238217630842
"138",-0.0302780278553532,-0.0141995723903277,-0.0363074486547377,0.00690601153077662
"139",-0.0302793148045144,-0.0142010383932853,-0.0322890993559182,0.0642939557535555
"140",-0.0383176331809301,-0.0483666325574996,-0.160915425575078,-0.0606394981486789
"141",-0.0443494337754353,-0.0704762140834005,-0.136798041019005,0.0037941420476086
"142",-0.0443542764027816,-0.0423446199650106,-0.102634313098144,-0.00375505772284448
"143",-0.0443646463199581,-0.0302984886698223,-0.0584308039700938,-0.00136749000270069
"144",-0.0423604545365832,-0.0242763138033257,-0.0423604545365832,0.000708805637552232
"145",-0.042360543145243,-0.0202577233973831,-0.0383418486456322,0.0021130080722329
"146",-0.0423605420959914,-0.01824837485384,-0.0383418475556327,0.00234962012080546
"147",-0.0403511944551018,-0.0162390271282169,-0.0363324999006209,0.00417332278788933
"148",-0.0403511904917155,-0.0142296749061803,-0.0383418431389821,0.00772613180665053
"149",-0.0403537774440597,-0.0162422005146508,-0.044372373598961,0.0116663742214343
"150",-0.0403540144466226,-0.0182517852523443,-0.0544190693884359,0.00667302755111019
"151",-0.038345252134782,-0.0162431321697381,-0.040354535767968,0.00852577595300062
"152",-0.0383452424027901,-0.0162431204367757,-0.0403545262178824,0.00631123953022882
"153",-0.0383452704312071,-0.0162431542280448,-0.034326703848814,0.00587467100182227
"154",-0.0383455274278119,-0.0142341855775516,-0.0323176919652468,0.00735435638172425
"155",-0.0383455220643369,-0.0142341790110541,-0.0343269648887898,0.00553209643884087
"156",-0.0363363619260841,-0.0142343213678175,-0.0303085326829207,0.00317598026322919
"157",-0.0363363754836963,-0.0142343376618284,-0.0242807184899501,0.0029332276261095
"158",-0.0363364035258513,-0.0122250957127785,-0.0242807496193149,0.0028089626200447
"159",-0.0363364089849656,-0.0122251023738997,-0.0242807556794327,0.00187307880844191
"160",-0.0363364553900438,-0.0102158842971571,-0.0202622577944211,0.00117747971616378
"161",-0.0343271909965379,-0.0102158968314168,-0.0182529948864572,-0.00290171312652096
"162",-0.0343271905259257,-0.0102158962590504,-0.0122251707812902,-0.00873494139845827
"163",-0.0343271740121613,-0.0202622502736671,-0.0504013725704406,-0.00573123766495274
"164",-0.0343333677811319,-0.0162508987980361,-0.030315041340444,-0.000445040536220451
"165",-0.0343338214094175,-0.0142422709408039,-0.0162514259876652,0.00729731592367329
"166",-0.0343338286838726,-0.0162514344417617,-0.024288054104922,0.00701942828586295
"167",-0.0343338573782177,-0.0162514677892438,-0.0242880853843432,0.00967721356703837
"168",-0.0343338777185846,-0.0162514914280487,-0.0343338777185846,0.00799970528483296
"169",-0.0343340461125026,-0.0162516871290883,-0.0303157441161883,0.00594382342138334
"170",-0.0343341278891363,-0.0142426326420935,-0.0262975297903192,0.00289397455647129
"171",-0.0323250243116964,-0.0142426859083911,-0.0202701320428262,0.00505635245602301
"172",-0.0323251221008871,-0.012233652293925,-0.0222793871974061,0.00482942420023811
"173",-0.0323251173910815,-0.0122336467505253,-0.0242885291348589,0.00317908253173365
"174",-0.0323254498364527,-0.0122340380357853,-0.0202706027560522,0.00424995648630499
"175",-0.0323471521105747,-0.0122595814203714,-0.0223033667654731,0.00455441383277761
"176",-0.0323471525307557,-0.0122595819149207,-0.0223033672228383,0.0054304956031665
"177",-0.0323477146489339,-0.0122602435230419,-0.0263214733111663,0.0062755457731182
"178",-0.0323519182903764,-0.014273863883675,-0.0283345728666651,0.0041340362052259
"179",-0.0323534479165311,-0.0122669915282669,-0.0243188653612254,0.00876955294959694
"180",-0.032355588040031,-0.016286725955756,-0.0383814113216341,0.00623268117001638
"181",-0.0323562863007303,-0.0142789276832889,-0.0303476908987923,0.000704850164567837
"182",-0.0323567129061659,-0.0142794222435727,-0.0162880100949718,-0.00181847430248181
"183",-0.0323570358140022,-0.0102626323156227,-0.0102626323156227,-0.000653722679970026
"184",-0.0303492667510461,-0.0102635867929282,-0.00825501879711643,-0.000329204179971077
"185",-0.0303492963292964,-0.00825505403381466,-0.00825505403381466,0.00185283876916882
"186",-0.0303711654119296,-0.00828110676703875,-0.00828110676703875,0.00269414928297378
"187",-0.0303715854022064,-0.0102897869486382,-0.00828160710328141,0.00158993979355617
"188",-0.030371609352396,-0.0102898150640782,-0.00828163563524642,0.00361793728183206
"189",-0.0303716089226362,-0.0122979939958836,-0.0102898145595778,0.00337496492406496
"190",-0.0303717062530588,-0.0122981065606331,-0.0122981065606331,0.00648517529007285
"191",-0.03038076103253,-0.0143165988791116,-0.0203406596866436,0.00971284765800445
"192",-0.0303810860295228,-0.0163249837101331,-0.0364051298806898,0.00368833470562991
"193",-0.0303811112625383,-0.0143169978367732,-0.0203410403714352,0.00671843499425518
"194",-0.0303811128751048,-0.0143169996736969,-0.0243570704245768,0.00220810089693939
"195",-0.0303812852822312,-0.0123091849161108,-0.0143171960679018,0.00103255744397628
"196",-0.0303812994237926,-0.0123092012711339,-0.0123092012711339,-0.00503239511259983
"197",-0.0303829155512334,-0.014319053156939,-0.016327035956226,-0.00964162635711405
"198",-0.0303855532712556,-0.0183379317158852,-0.040425237900731,-0.0105255256115227
"199",-0.0303858308333691,-0.0163303061422739,-0.0424334234257364,-0.00616441956622729
"200",-0.0303859406584595,-0.0143224991486488,-0.0243621500922804,-0.00785529793970193
"201",-0.024362131960413,-0.0143224795182799,-0.0203462709835598,0.00164797695639513
"202",-0.0243621928171291,-0.0123146159219463,-0.0123146159219463,-0.0103905600171225
"203",-0.0243622660416623,-0.0163305529528317,-0.0283781225860775,-0.0167458166706692
"204",-0.0263701439883337,-0.0223542857523038,-0.0484573642864983,-0.0195978449475071
"205",-0.0263701099228766,-0.0263701099228766,-0.0504652662094003,-0.0094148594001889
"206",-0.0263729581660619,-0.020349312703331,-0.0283808399869723,-0.0113930712621021
"207",-0.0263730318977191,-0.0183415095708281,-0.0263730318977191,-0.00205402474521784
"208",-0.0263730979004055,-0.0143258210658022,-0.016333700538236,-0.000310099536715321
"209",-0.0263731119811486,-0.0123179573306691,-0.0143258365664518,-0.00444299392615837
"210",-0.0263731180562039,-0.0103100849867559,-0.0143258432541178,-0.0028145227129908
"211",-0.0263731625042591,-0.0103101354110202,-0.0103101354110202,0.014534274368667
"212",-0.0263731813906816,-0.0203495471829738,-0.0303889375291537,0.047507476801464
"213",-0.0323963145841304,-0.0464515231413454,-0.132790661421381,0.0257673169468085
"214",-0.0344043847620401,-0.0404280356673474,-0.114719730166136,0.0150010331859715
"215",-0.0344043613028251,-0.0303885931872432,-0.100664535209927,0.00718009406573295
"216",-0.0323977035684357,-0.0223583918036758,-0.0625156388627157,-0.0785455002188508
"217",-0.0444439201265445,-0.0665306145863558,-0.164916798998242,0.00338855864398975
"218",-0.0444446670559941,-0.0444446670559941,-0.132790794105224,-0.00725879791342648
"219",-0.0424368997405065,-0.0323975767531552,-0.0765705978975004,-0.000515721775761058
"220",-0.0424370477439564,-0.0243662922314047,-0.0364134625731058,0.153682556643492
"221",-0.0725507438707256,-0.126766139247888,-0.21712513154316,-0.144303122309243
"222",-0.0906263667058276,-0.178971262392861,-0.217120194621353,0.0374020337535398
"223",-0.0886184157977206,-0.110704683090266,-0.12877526542053,0.00464161734077071
"224",-0.0866139135991277,-0.0665366210868921,-0.108698935362587,0.00197844308605297
"225",-0.0846063800456771,-0.0464596461825171,-0.0625214288617424,-0.000892604988605004
"226",-0.0825994683965274,-0.0364224354881144,-0.0424455267370378,-0.000673680573832952
"227",-0.0805918052400521,-0.0324071003020792,-0.0364224923802436,-0.00075400095219054
"228",-0.0785843039109839,-0.0263843580130669,-0.0344151189204387,-0.000732566235427186
"229",-0.0765766272344119,-0.0223690017142113,-0.0303997610505373,-0.000530597485482257
"230",-0.0745690572126199,-0.0183538363581719,-0.0283922686536091,0.00277015446392389
"231",-0.0725615794167351,-0.0163465186326894,-0.0263849223441261,0.0295316263260587
"232",-0.0705541595055545,-0.0404390527036869,-0.122753677962125,0.00999610973675346
"233",-0.0705541465985893,-0.0324083381100282,-0.0926385620393353,0.0223336133790107
"234",-0.0685487247364245,-0.0344192590181236,-0.0966553435632604,0.0319063047804138
"235",-0.068549973394368,-0.0424513918227805,-0.0966561381637698,0.00265931252273823
"236",-0.0665518498646287,-0.0324270067513346,-0.0605298187269885,0.0230188883881397
"237",-0.0645444607543995,-0.0344342882522424,-0.0926472884230793,-0.0165011089744634
"238",-0.0645453443387167,-0.0304208530568497,-0.0424647911563323,-0.0089984799882827
"239",-0.0625572451012453,-0.0244269090344842,-0.0264337688274716,0.0296491840663034
"240",-0.0625650882173685,-0.0384850385905189,-0.0424983801949939,0.00216769268225888
"241",-0.0605584530138263,-0.0304584035445097,-0.0284517335798886,-0.00802270582376863
"242",-0.058552632533919,-0.0244395751178919,-0.022432924681655,-0.0324259131709503
"243",-0.0585584082041921,-0.042506266906531,-0.0445127845687388,0.0207821549178099
"244",-0.0585615289480665,-0.0364906238174061,-0.0445164075012825,0.000131497586935361
"245",-0.0565562124297649,-0.0304727453950244,-0.0284663248538906,0.00348187475015375
"246",-0.0565563313041026,-0.0264600632570955,-0.0224472275174945,0.00276570867055012
"247",-0.0545512922922538,-0.0224490912485722,-0.0204427036833421,-0.000173434203505064
"248",-0.0525749505025588,-0.0184773463707242,-0.0184773463707242,-0.00721721641145756
"249",-0.0525818298117837,-0.0265091146057683,-0.0184867406962252,0.00140460825322113
"250",-0.0505765882271958,-0.0204927971904501,-0.0144760389831011,0.00579988322536381
"251",-0.0505766097517564,-0.0204928255122403,-0.014476068664337,0.0233137716370826
"252",-0.0485709030738146,-0.0345317862891783,-0.0806603128672689,0.0756118042608015
"253",-0.0565920027320219,-0.0726369328494514,-0.158878432230635,-0.00262478005340349
"254",-0.0545871879947881,-0.0505759906974064,-0.120771943401587,0.0141073552534088
"255",-0.054587150821231,-0.0385423550956938,-0.0987103390664581,0.00724627078768176
"256",-0.052581609735689,-0.0305200294234336,-0.0606040025765093,0.00926931362377366
"257",-0.0525816581924263,-0.0265088950068058,-0.0445592695199277,-0.0136379757326588
"258",-0.0505760239332418,-0.0245032505963838,-0.0365368382903184,-0.0398668575778983
"259",-0.0525813130509099,-0.0465644992793413,-0.100715823223459,-0.00545010448305543
"260",-0.050575720917071,-0.0345308862908558,-0.050575720917071,0.0318232563489164
"261",-0.0505754898868189,-0.0425530531185323,-0.0786540185758224,-0.00645286401983443
"262",-0.0505754798190798,-0.0305193857788393,-0.0365362139909113,0.0164765757193436
"263",-0.0505785687553755,-0.0305231250175129,-0.0405508468864442,-0.0149128558563578
"264",-0.0486253211091676,-0.0265761941109901,-0.030585126292477,0.000625533665982735
"265",-0.0486510540173168,-0.024603827833505,-0.024603827833505,0.0221373251788127
"266",-0.0467174800003058,-0.0326998815039541,-0.0347023955748613,-0.0160152848219641
"267",-0.0462940849239131,-0.0283985724403687,-0.0269072797334067,-0.017196659508456
"268",-0.0462833509393029,-0.0283890951173714,-0.0268979071322104,-0.0108639644929107
"269",-0.0447921678834988,-0.0239155354113341,-0.022424347377608,-0.00685637655694851
"270",-0.0447920045949092,-0.0209330217953656,-0.0194418353703941,0.0103610900457377
"271",-0.0432740982704701,-0.0209102899405947,-0.0194193693852697,0.005048406569478
"272",-0.043273849284771,-0.0194191600390848,-0.016437323883374,0.00579817654141407
"273",-0.0417828949407272,-0.0179282115267899,-0.0164372938134189,0.0169797171133745
"274",-0.041759790604964,-0.0283436210240402,-0.0298343065330317,0.0346692442397505
"275",-0.0432495769955482,-0.0417589004330085,-0.0775351379339622,0.00849277700545538
"276",-0.0417575161149329,-0.0313228775663661,-0.0492108293639092,0.0102694249674094
"277",-0.0417575052193606,-0.0268508798164404,-0.0372855175984845,0.0408613533252533
"278",-0.0432489259432669,-0.0462302661120821,-0.0969130489819399,0.0146869572618645
"279",-0.0432486193565066,-0.0357952841875413,-0.0879686303702981,0.00873753522872278
"280",-0.0432425741700743,-0.0283365053432315,-0.0566580361142327,0.0186344358186619
"281",-0.0417453789491912,-0.0298210536033511,-0.0700656516455614,0.0155187313328929
"282",-0.0417454832331509,-0.0283306077863608,-0.065594150694111,0.00618100882263377
"283",-0.0417454061413038,-0.0223683739015754,-0.0372737833167511,0.0174538092550531
"284",-0.0402549677286801,-0.0268400898868997,-0.0670847234122411,0.00842652681660601
"285",-0.0402549725259737,-0.0238590101836147,-0.0402549725259737,0.00205213790846331
"286",-0.0387643718386941,-0.0208778746844308,-0.0208778746844308,0.00189914627189564
"287",-0.0387641552011885,-0.0178966062948052,-0.0178966062948052,0.00786501806219835
"288",-0.0387641753129275,-0.0193871629325778,-0.02534932058807,0.00866206157168867
"289",-0.0372736268375823,-0.0208776943178927,-0.0238587729578362,0.00100286683309136
"290",-0.0372734790538164,-0.017896487802877,-0.0149154122258094,-0.00134103747046656
"291",-0.0357827753575447,-0.0149152706396247,-0.0119341985370647,-0.0212219001459511
"292",-0.0357828447484888,-0.0328017711927153,-0.135648808866901,0.0177929027872824
"293",-0.0357829817003062,-0.0298208288525574,-0.11329096872104,0.00427565524383542
"294",-0.0357829901281307,-0.0238586837266375,-0.0641032178316773,0.00804345158988794
"295",-0.0357829886824464,-0.0208776058319604,-0.0387640652525436,-0.0144787657292198
"296",-0.0357830942630619,-0.0238587791382237,-0.0387641730442715,-0.00977644183063684
"297",-0.0342926038874193,-0.0208777447038846,-0.0253493644317294,-0.00424225327966634
"298",-0.0342925910655038,-0.017896653555904,-0.0164061137823039,-0.00967728085590833
"299",-0.0342925987582479,-0.0193872002082009,-0.0178966603531963,-0.00259965836753289
"300",-0.032802030987741,-0.0164060958668663,-0.0134250167539799,-0.000119669664228215
"301",-0.0328020074793623,-0.0178966144291958,-0.0119344572091291,-0.00284101420163074
"302",-0.0328019900086153,-0.0149155205906503,-0.0104439032361591,0.0139501652813631
"303",-0.0328019311881196,-0.0298208542099845,-0.0208776232755793,0.00499121294859747
"304",-0.0328019395790081,-0.0238587081061501,-0.0208776309485308,0.0530250578080555
"305",-0.0372749510069204,-0.050689928384325,-0.0566521405520604,0.00495741847792233
"306",-0.0372749512673025,-0.0372749512673025,-0.0357843982226704,0.0133994044939968
"307",-0.0372749586701006,-0.0313127461847205,-0.0328032993060655,-0.00790954267588654
"308",-0.0372749355406564,-0.0238599596057013,-0.0268410653690248,0.00964003041552432
"309",-0.0357844228442409,-0.0223694431221946,-0.0268411030295433,0.00608576046527185
"310",-0.0357834361691461,-0.0193874634906409,-0.0268401783445069,0.00487738295826277
"311",-0.0357833395760516,-0.0178968360641253,-0.0253495458607612,0.00463589935881812
"312",-0.0342673669132281,-0.0178743655483375,-0.0253257298051059,0.00144691118502367
"313",-0.0342625768175673,-0.0163799108674387,-0.0208505773549709,0.00642022206124953
"314",-0.0342559025696001,-0.0193543872141192,-0.0268051448918597,0.0107914019145253
"315",-0.0327655297562515,-0.0223344855736672,-0.0282950822494297,0.00685781423884025
"316",-0.0327655202677724,-0.020844327728096,-0.0268049239979341,0.00868416113597856
"317",-0.0327620170338137,-0.0193510126363636,-0.026801570634947,0.00764571590491139
"318",-0.0327594585293304,-0.0193487004050391,-0.0253090373491686,-0.00300120755611562
"319",-0.0312693468051901,-0.0163685074165538,-0.0193486752942811,-0.0159688466559237
"320",-0.0327595406584386,-0.0282892853151829,-0.0327595406584386,-0.0285779753341091
"321",-0.0342499762666886,-0.0357400650900366,-0.0417004203834285,-0.0296008291974513
"322",-0.0342504197137152,-0.0387207002614425,-0.0431909808091698,-0.0233473535316332
"323",-0.0357407900363634,-0.0357407900363634,-0.0372308864507724,-0.00839505744316747
"324",-0.0357408092294942,-0.0268002295371891,-0.0268002295371891,0.0277706910975773
"325",-0.0357411827232339,-0.0357411827232339,-0.0372312832495473,0.0324562967283296
"326",-0.0372317783809869,-0.0417020953526144,-0.0417020953526144,-0.0149619403896334
"327",-0.0372318973076609,-0.0312714697492212,-0.0297813628596113,-0.0383259453683414
"328",-0.0402128737511787,-0.0461733322807573,-0.043193103015968,-0.0112324924352036
"329",-0.0387228207619243,-0.0327623597033965,-0.0312722444387644,-0.00764519179999517
"330",-0.0387228086672911,-0.0253117724020308,-0.0253117724020308,0.00350100697079682
"331",-0.037232698605606,-0.0208414314802349,-0.0223315466734504,0.0240336023945147
"332",-0.0387231094504834,-0.0327626365483222,-0.031272518322782,0.00477447556606039
"333",-0.0372329974200493,-0.025312051102143,-0.0268021693918813,0.0035946252258926
"334",-0.0372319357320893,-0.0223308628541842,-0.0253110774297652,-0.0128959303688256
"335",-0.0372320194133644,-0.0238210460187785,-0.0268012623286865,0.00296521450996495
"336",-0.0357419149862468,-0.0208408330463575,-0.0238210494343354,0.0241985885716716
"337",-0.0372323207692363,-0.032761986935798,-0.0342520982136109,0.00517422787774583
"338",-0.0357422215204871,-0.0253114416940864,-0.0282916645016295,0.0120882750758948
"339",-0.0357340308737262,-0.0238138257710312,-0.0282839026845417,-0.0070600392197632
"340",-0.0357337590943061,-0.0193435083825363,-0.0208335311745154,-0.00668399788332113
"341",-0.0342437559286354,-0.0178535029323218,-0.0163634799326569,0.00424212999166634
"342",-0.0342437642865511,-0.01636348722925,-0.0178535103173584,0.00415004501433536
"343",-0.0342437720790445,-0.0163634940322204,-0.0208335635439264,0.0227379753635815
"344",-0.0342440139310396,-0.0312639624713414,-0.0342440139310396,0.00986686904151922
"345",-0.0342425560227542,-0.0253024942092653,-0.0282825148137616,-0.00138924671600669
"346",-0.034241485990308,-0.0223214941570802,-0.0223214941570802,0.00431782850684546
"347",-0.0327514927367704,-0.0193415013732603,-0.0238114984944303,0.0103635856034879
"348",-0.0327515289279136,-0.0208315335082251,-0.0267915312180693,-0.00695528644794126
"349",-0.0327511441179263,-0.0178511909994641,-0.0208311816231566,-0.0274746382877954
"350",-0.0342410905160132,-0.0342410905160132,-0.0402010696929744,0.00982527924649737
"351",-0.0342411316925452,-0.0267911555426912,-0.0297711460026329,0.0167993411510732
"352",-0.0342412018659884,-0.0267912220032539,-0.0312612099208947,0.00595309768567084
"353",-0.0327511520441277,-0.0223211842677987,-0.026791170457654,-0.000232160988779331
"354",-0.0327281521982062,-0.0208101569265142,-0.0208101569265142,-0.000344932046908723
"355",-0.0327279112501578,-0.0178304429303875,-0.0163406960984104,-0.00371075351118638
"356",-0.0312380747396168,-0.0148508702523472,-0.0163406161148263,0.0104639642789683
"357",-0.0312380987397496,-0.0222996220081099,-0.0237893681300498,0.00877582751366674
"358",-0.0312381161778993,-0.020809892004676,-0.023789384625597,0.00613563125660679
"359",-0.0312380709514755,-0.01783035855774,-0.0222995960223185,0.00195231941701037
"360",-0.031238031693666,-0.0163405777224919,-0.0193200685167266,0.00682243636445078
"361",-0.0312379773625681,-0.0178302740747803,-0.0237892533137971,-0.00909861915159489
"362",-0.0297341360521821,-0.019307000804716,-0.0237757730536301,0.0132467592864493
"363",-0.0297330713905113,-0.0222851758205547,-0.0267539131625286,0.00165004541243777
"364",-0.029733071842855,-0.0193060180103102,-0.0222851762481802,0.00484109489708415
"365",-0.0297330822199595,-0.0178164483611919,-0.0222851860582297,0.0005799283978264
"366",-0.0297330286874075,-0.0163268208617908,-0.0178163995090815,0.0269969330132575
"367",-0.0312203486361929,-0.0327099028651214,-0.0386681197808355,0.000839597676826952
"368",-0.0312138027806693,-0.0252558689289778,-0.0267453523919007,-0.0283574921628409
"369",-0.0327036605664117,-0.0341931480327872,-0.0401510978982891,-0.000720925848265929
"370",-0.031214073404138,-0.0267456142383919,-0.0267456142383919,-0.0213968788092828
"371",-0.0327037878636107,-0.0297248102079251,-0.0341932766914536,-0.0288078825857765
"372",-0.034189992969369,-0.03567944704883,-0.0416372633666739,-0.00754555638276854
"373",-0.0327005612007552,-0.0267427439284363,-0.0267427439284363,-0.00219844180245942
"374",-0.0326919337818574,-0.0207770374120989,-0.0207770374120989,-0.00446100019857763
"375",-0.0326875759468659,-0.0163051061249175,-0.0192837370016354,0.000607407467616786
"376",-0.0326874463606074,-0.0163049917841012,-0.0177943058365109,-0.00121336921404452
"377",-0.0311980697545067,-0.0133263092406642,-0.0148156226168178,-0.00174323797790719
"378",-0.0311979812125097,-0.0118369197662539,-0.0148155446041395,0.00944248095341556
"379",-0.0311979804818606,-0.0237514184266414,-0.0252407308376853,0.00260432934228872
"380",-0.0311979226337373,-0.0192834283484674,-0.0207727401341262,0.0205747019533387
"381",-0.0311981187382558,-0.0282194909268406,-0.0326874326439633,0.0246921571673314
"382",-0.0326873288205366,-0.0326873288205366,-0.0356659544111297,-0.0161922902931151
"383",-0.0326874600491959,-0.0282195174527609,-0.0282195174527609,0.0090469698016496
"384",-0.0326874847925749,-0.0222622835484477,-0.0237515980118944,-0.0176659110531409
"385",-0.0326876272312993,-0.0252410472970215,-0.0282196792707325,0.00343741502590096
"386",-0.0326872631806312,-0.020772766434507,-0.023751390621038,0.0280059370309225
"387",-0.0326872979446103,-0.0326872979446103,-0.0356659228747559,0.00732967646368724
"388",-0.0326861959586937,-0.025239692563058,-0.0267289932421851,0.0203671070388446
"389",-0.0341756989896759,-0.0282184877080094,-0.0326863961692593,-0.0384866517138097
"390",-0.0356656891000575,-0.0431122391859085,-0.0490694792545892,0.0531994953104543
"391",-0.0416243972232992,-0.0624749440241226,-0.0669429183385848,-0.0730735678891455
"392",-0.0490740370738124,-0.086307877890441,-0.0922652924211016,0.00892228344110955
"393",-0.0475847237698781,-0.0490740777921927,-0.0401379536583045,-0.000885764824129474
"394",-0.0475846577988969,-0.0326911239497576,-0.0297124171799297,-0.0316245117066143
"395",-0.0475851628300266,-0.0401383715078178,-0.0431170880367013,-0.018027297693006
"396",-0.0475849885386403,-0.0326914227339703,-0.0356701358949043,-0.00568479797635802
"397",-0.0460952119841357,-0.0237549247367458,-0.0282229821862238,-0.000937888622910033
"398",-0.0446057930114183,-0.0207761637619818,-0.0237548674181614,-0.00539394201735636
"399",-0.0446057850025419,-0.0177974535172191,-0.022265508764773,-0.00464271210362985
"400",-0.0431164244313234,-0.0148187428646632,-0.0192867978488727,-0.00853004775288317
"401",-0.0431162290714964,-0.0192866335911077,-0.0177972838735834,0.0116684033327688
"402",-0.0416266829359239,-0.020775814527294,-0.020775814527294,0.00223597873555148
"403",-0.0401367120801054,-0.0192859322356668,-0.0177965908182068,0.00859907682884145
"404",-0.0401367377396183,-0.0192859542481423,-0.0222646376040674,0.00830848890670056
"405",-0.0401364761530326,-0.0192857298413759,-0.0222644078858983,0.00708422034576831
"406",-0.0386469580430073,-0.0177962374465167,-0.0222642490029076,-0.000424499550912662
"407",-0.0386468494132671,-0.0177961444148931,-0.0163068083435807,0.00585159565104148
"408",-0.037157403628415,-0.0163067145470311,-0.0222640542845693,0.000593430142641871
"409",-0.0371573626489998,-0.0163066795128161,-0.0163066795128161,-0.0418295371178028
"410",-0.040136943236517,-0.0416262870007424,-0.0460943182934189,-0.015351570967247
"411",-0.0386469130698311,-0.0341789028972304,-0.0341789028972304,-0.0271694278719394
"412",-0.0401347400727925,-0.0371560972786302,-0.0386454186757114,0.0142890881058134
"413",-0.0400965612162973,-0.0296740246549577,-0.0296740246549577,0.0105832065397765
"414",-0.0385927979463276,-0.0237049809734022,-0.0266825443679872,0.0151317261367413
"415",-0.0385858941254352,-0.025187496125577,-0.0281649179033233,0.0229228187627442
"416",-0.0385861677492251,-0.0311425992728701,-0.0341200266634121,0.0226304225329695
"417",-0.0385863453524472,-0.0326314832850773,-0.0341201988019197,0.0132053666157497
"418",-0.0385862821135161,-0.0266765631676116,-0.0281652780358497,-0.00626736664654919
"419",-0.0385860971482244,-0.0207215414943266,-0.0222102544654847,0.00119034213088463
"420",-0.0370967727097656,-0.0192322930932524,-0.0192322930932524,-0.0203456636012572
"421",-0.0370840633269606,-0.0296411886706572,-0.0311297636019179,0.0208654236877895
"422",-0.0370839860839954,-0.0311296895607337,-0.0326182636915492,0.00668527512297384
"423",-0.0370839720034012,-0.0236868061392782,-0.0266639541090834,0.00165814981122059
"424",-0.0355672918605675,-0.0206844950647285,-0.0221727747443123,-0.000177600589101169
"425",-0.0355653908429535,-0.0191945333329102,-0.0162180137856296,-0.000143958612528518
"426",-0.0355647658448136,-0.0162174738657705,-0.0132409674074562,0.009614278921404
"427",-0.0340762758558684,-0.0236585207895303,-0.0266350222370555,-0.00624674737875407
"428",-0.0340762905378349,-0.0177055308674345,-0.0177055308674345,-0.0397726007221147
"429",-0.0370524212244331,-0.0400289152920834,-0.0459819034273841,0.0427343102903365
"430",-0.0400298850176127,-0.0504476831688935,-0.0549124538051567,-0.058454806760543
"431",-0.0459847866137229,-0.0697971892132808,-0.0742620147006979,-0.0101007114057397
"432",-0.0444964938029636,-0.043008218814366,-0.0370551188599755,-0.0100511077112884
"433",-0.0444964944480267,-0.0311020194934504,-0.0296137444984974,-0.00472734466465089
"434",-0.0430067052146045,-0.0236593261518593,-0.0251475860797628,0.00146158628720601
"435",-0.0415184434780909,-0.02068280474192,-0.02068280474192,0.00522974731277644
"436",-0.041512573636337,-0.0191895598912065,-0.0251423635565746,0.0267642037248772
"437",-0.0415076709968042,-0.0340669127788897,-0.0370432160660555,0.00969046343276935
"438",-0.0415054303786316,-0.0266241391305586,-0.0296003973801732,0.0215309661507169
"439",-0.0415056696134068,-0.0310887489091685,-0.0340650119675223,0.0042521698893486
"440",-0.0400175468972437,-0.0236480990921033,-0.0281124939480506,-0.0269577641656732
"441",-0.0400179096815756,-0.0340653684746204,-0.0385297743798367,0.00364864469378163
"442",-0.0400178844325892,-0.0266246690239541,-0.0296009391147619,0.00623809035962196
"443",-0.0385296559358813,-0.0221601809796624,-0.0266245832404495,-0.00429732460999639
"444",-0.0385278312755257,-0.0176942160610325,-0.0206704468059601,-0.0231819037692327
"445",-0.0385280815595009,-0.0310874918621062,-0.035551845680543,-0.0181620425429553
"446",-0.0385280899046675,-0.0295993817542451,-0.032575617804386,-0.0167178056726155
"447",-0.038527428266568,-0.0281106495932978,-0.0295987608323364,0.00638008843840521
"448",-0.0370393240678341,-0.0221582109478828,-0.0251344335718731,0.0253114333240467
"449",-0.0385277703009411,-0.0325753113126074,-0.0355515408067743,-0.00232716764890488
"450",-0.0370396581840208,-0.0251347399893086,-0.0251347399893086,0.0604936037901951
"451",-0.0444822504740602,-0.0563873277559325,-0.0534110584354645,-0.0717870756017391
"452",-0.0519258995491988,-0.0831773141864455,-0.0831773141864455,-0.0269562228865637
"453",-0.0519262849429434,-0.0578789498249204,-0.0519262849429434,-0.0229716326233835
"454",-0.0504384172563831,-0.044485741055584,-0.044485741055584,-0.0103320568674808
"455",-0.050438477100461,-0.0325804416911541,-0.0370449505434809,-0.0134170679478945
"456",-0.0489503921977156,-0.0266278357760776,-0.0325805174885144,0.0231180756378436
"457",-0.0489506910158838,-0.0325807848521387,-0.0340689581397519,0.0368376817914543
"458",-0.050439641918567,-0.0444869192850783,-0.0400223773099619,0.0630132594097452
"459",-0.0549013580261463,-0.0712710587747568,-0.0578776672531663,-0.00572023959634962
"460",-0.0534132196947947,-0.0444842911049628,-0.0429961363399908,-0.00827018693765421
"461",-0.0519250753761382,-0.0325790621563651,-0.035555371882484,0.000666657795420675
"462",-0.0504369046238166,-0.026626429224611,-0.0281145839370613,-0.0048916019049522
"463",-0.0489487535466763,-0.0221619680963921,-0.0251382775908682,0.00270786500081023
"464",-0.0489487471196921,-0.0191856534049769,-0.0221619627764484,0.0265736816818656
"465",-0.0489491267289515,-0.0355557018637092,-0.0355557018637092,-0.0235034912357244
"466",-0.0489494328583187,-0.0355559816278678,-0.0340678203800399,-0.0578606533200403
"467",-0.0519276707646312,-0.0593685669291536,-0.0653212838607715,-0.00525383860744161
"468",-0.0519254435153851,-0.0415083352770229,-0.0370438603177249,-0.00666354971864977
"469",-0.0504371882259499,-0.0310911420178609,-0.0296029846172386,-0.00752371076585841
"470",-0.0489489809489622,-0.0251384701755792,-0.0251384701755792,0.00338888115254807
"471",-0.047460830677741,-0.0221621618884037,-0.0236503188760118,-0.008335502780913
"472",-0.0474608491788331,-0.0191858630179439,-0.0236503345170317,0.0133288658291277
"473",-0.0459727773395394,-0.0236504073572125,-0.0281148813536778,-0.0348781183685192
"474",-0.047461614460118,-0.0415089562185793,-0.0459734498997334,0.00143079341113318
"475",-0.0459734511382757,-0.0325799699860636,-0.0310918054135956,0.000953586157599237
"476",-0.044485286528877,-0.026627311663627,-0.026627311663627,-0.000370504673182604
"477",-0.0444850547759278,-0.0236507827323935,-0.0191862958659219,0.00932909663301221
"478",-0.0429969315000147,-0.0221626540218461,-0.0310916300839184,-0.00322200280421165
"479",-0.0415087731927121,-0.0191863323787813,-0.0221626578206388,0.0048491895621202
"480",-0.0415087858834303,-0.0176981803078523,-0.0251389945502205,0.00494833514291343
"481",-0.0400205470075105,-0.0176981158581898,-0.0251389262412968,-0.0106859339761009
"482",-0.0400206061906435,-0.0251389794159899,-0.0266271420934552,0.000584181228225971
"483",-0.0385324407929373,-0.0221626516477172,-0.0221626516477172,0.0495551070823249
"484",-0.0429982731923888,-0.0489509773011284,-0.0534155053826831,-0.0394289553530829
"485",-0.0444872599526071,-0.0519281800261194,-0.053416364040822,-0.00789305635142419
"486",-0.0444872881966029,-0.0355581824387922,-0.0325818138528553,-0.0145761096756187
"487",-0.0429992162100401,-0.0296055475160339,-0.0310937329264791,0.0040648716894195
"488",-0.0429992252166369,-0.0236528137158178,-0.0266291847159439,-0.00639463535790486
"489",-0.0415110594060695,-0.0191882739368587,-0.0236528310307009,0.0545863348667178
"490",-0.045977277829532,-0.0519300854536969,-0.0504418835476557,-0.0122713076052031
"491",-0.0459773516474884,-0.0400245411426227,-0.0355599332639734,0.0330110732292766
"492",-0.0459774775087516,-0.0430010698004891,-0.0415128659463579,-0.0460211831416614
"493",-0.0489494706172839,-0.0563902786630723,-0.0519257938355993,-0.00666913393725582
"494",-0.0474612235908443,-0.0370440981037546,-0.0355559373198846,-0.00946631223748155
"495",-0.0459731042029137,-0.0281151699501204,-0.0296033311378532,-0.00862991718808737
"496",-0.045973053185517,-0.023650642835486,-0.0266269642154902,0.000401934581008662
"497",-0.0444832340330523,-0.0221610687759961,-0.0221610687759961,0.00313683097842023
"498",-0.04299494596427,-0.0191846592372706,-0.0206728021577081,0.0176397052932207
"499",-0.0429950961734651,-0.0296017964379582,-0.0310899408530145,-0.00408226299574977
"500",-0.0429846886711711,-0.0251281983773364,-0.0221521166616973,2.33722042268006e-05
"501",-0.0400084953549367,-0.0221520186571135,-0.0251280981067508,-0.0178340344445615
"502",-0.0400085368494322,-0.0325683361190197,-0.0459606974337622,-0.00859351202074927
"503",-0.0400052317178439,-0.0251251658033729,-0.0370292185349497,-0.00198166576468696
"504",-0.0385167829891917,-0.0221487603654199,-0.0310767727056591,-0.00137313521586107
"505",-0.0370287599956268,-0.0191727379186956,-0.0251247452776726,-0.0056769932061551
"506",-0.0370259676904557,-0.0176823199392436,-0.0176823199392436,-0.00293184583681944
"507",-0.0355379591094909,-0.0161943162148374,-0.0117303986237635,-0.00257761098063394
"508",-0.0355343093154491,-0.0147032289387787,-0.00726355737568218,0.0178355548245794
"509",-0.0355343333634313,-0.0310705296701393,-0.0385102024922925,-0.00388401844392696
"510",-0.0340448915900179,-0.0251173798992425,-0.0325569729748887,-0.00450389438265599
"511",-0.0340448993998985,-0.0191657124221637,-0.0266053059110311,0.0409317593011475
"512",-0.0370215779802141,-0.0429732876390705,-0.106954166471776,-0.0296065974452253
"513",-0.0385099023462704,-0.0429736968043002,-0.0861237098985873,-0.0143114796469039
"514",-0.0385099850564669,-0.0325582557191885,-0.0429737820594257,-0.0409138649729678
"515",-0.0399987655314076,-0.047438470255829,-0.115883753720507,-0.00767118978069239
"516",-0.0399987635231197,-0.0340469998251374,-0.0548781727680755,0.0294474913909461
"517",-0.0414871413087826,-0.0385112506786625,-0.0533907038292633,0.00267746658345507
"518",-0.0399991750340072,-0.0280956142158385,-0.0385112299317361,0.00200692795359296
"519",-0.0385111953759,-0.0236317478973773,-0.0340473611323432,-0.00306114166552157
"520",-0.0385111668507305,-0.0206558333872935,-0.0310714445742984,-0.00085288361680409
"521",-0.0370232030295792,-0.0176799277197288,-0.0251196489927482,0.00860155032083828
"522",-0.0370231830023182,-0.0221437425316432,-0.0266075746728457,0.0298753036507646
"523",-0.0385090319419507,-0.0370211093831646,-0.0638037154413146,0.00264164305960728
"524",-0.037020835361863,-0.0280933170467401,-0.0295812367659273,0.0215128239260616
"525",-0.0370210072172603,-0.0310693212169719,-0.0444606147176206,0.00529360469745091
"526",-0.0370203056400633,-0.0251169918013269,-0.0221411633416427,-0.00568851194483573
"527",-0.0355324072593938,-0.020653263301374,-0.020653263301374,0.00797760242482384
"528",-0.035532401452299,-0.0191653437673572,-0.0295807441123201,-0.00107346211043344
"529",-0.0340444832752532,-0.0176774260375344,-0.0251169975092248,0.0163062814980679
"530",-0.0340442867280201,-0.0280926378701273,-0.0236289012267078,0.05609073658885
"531",-0.0399975912303022,-0.0548768814607588,-0.135225048705224,-0.0345608663246333
"532",-0.0414861663557388,-0.051901714971498,-0.111419135632979,-0.0280299951476297
"533",-0.0429745026593659,-0.0444624421638341,-0.0608297767129851,-0.00859209924421116
"534",-0.041486587492845,-0.0310710092493497,-0.035534828496562,-0.0309416674720237
"535",-0.0429745099841778,-0.0399986308294739,-0.0489262682935857,-0.00171409458729564
"536",-0.0414865716167178,-0.0295830549006242,-0.0340468736691593,-0.00420162145651821
"537",-0.0414865518330297,-0.023631279144862,-0.028095097316904,-0.0228595284092083
"538",-0.0414868338620877,-0.0325591805112264,-0.0504144872129489,-0.00442383519070371
"539",-0.0399297693847963,-0.0250573646208886,-0.0369552884320148,-0.0116619017101303
"540",-0.0399285438557034,-0.0235690354765219,-0.0295179476144061,0.0343876656796978
"541",-0.041411426554733,-0.0399242421919749,-0.0503345327312814,0.0171624348029584
"542",-0.0399241575337178,-0.0339754235205842,-0.0384369740304344,0.0441125974957561
"543",-0.0428991951754399,-0.0503351460567899,-0.0592582871144099,-0.06584265998185
"544",-0.0503372853476225,-0.0756198630640623,-0.166339700752464,-0.00484462669556846
"545",-0.0488477110101211,-0.0458733353440959,-0.102386472998575,-0.0153156859812062
"546",-0.0473603247488633,-0.0354628374222115,-0.0577706261596836,-0.00139172300689517
"547",-0.0473593990715974,-0.0280260984344302,-0.0399235142111485,-0.000560724303580099
"548",-0.0458418436559469,-0.0250255152975177,-0.0354336794767324,-0.00243712134502042
"549",-0.0443543088768464,-0.0205643224466527,-0.0309724415098624,-0.00288538916912198
"550",-0.0428662790681299,-0.0161027513174746,-0.0235370645815456,-3.47297760972978e-05
"551",-0.0428650155990135,-0.0161017141413343,-0.0175885642223165,0.0770782606050431
"552",-0.0517844818717695,-0.0681396639706062,-0.184112773398721,0.0428627964675928
"553",-0.0532661798832902,-0.0651604755054659,-0.158828053530099,-0.017993449931784
"554",-0.0532648712963936,-0.0458309973970407,-0.106788763371735,-0.002974919959908
"555",-0.0517756398065001,-0.0339346192604499,-0.053262391518671,-0.0701947512264957
"556",-0.0577242674459978,-0.0651580993458029,-0.175178811462918,0.00311896356445295
"557",-0.0562363532097883,-0.0473158178262549,-0.106786053716477,-0.0103830449433458
"558",-0.0547481706158168,-0.035420514892115,-0.0577216561117709,-0.00320217503614231
"559",-0.0532607821459309,-0.0279862575444831,-0.0413668882158378,0.0015152572667375
"560",-0.0517728894442333,-0.0250118234751187,-0.0354189046853299,0.00189183976800681
"561",-0.0502848469358326,-0.022037292196164,-0.0324442860476208,0.00253026212721855
"562",-0.0487974425574332,-0.0190633066536766,-0.0279835474248036,0.00044182214089528
"563",-0.0473103076567732,-0.0160895518198086,-0.022036362455421,-0.000259106682612075
"564",-0.0473069507515763,-0.0146002058007747,-0.0131135355757382,-0.000466448486909708
"565",-0.0458198088559318,-0.0131131651417485,-0.00567983702488872,-0.00154407523718363
"566",-0.0443320363821111,-0.0145989420132823,-0.00419235898419223,0.0104850057527775
"567",-0.0428446701458739,-0.0324381366752372,-0.035411431952562,-0.0115436826214314
"568",-0.0428440027824665,-0.0264909518019314,-0.0368974387895447,-0.00183682497829662
"569",-0.0413535816939008,-0.0220277425980541,-0.0324339636496639,-0.00921505472823388
"570",-0.0413531856254883,-0.0220273982772734,-0.0324335914647738,-0.0182893104771015
"571",-0.0413522309121109,-0.0309461048903757,-0.0458119992071402,-0.0295154737691865
"572",-0.0413522104006505,-0.0383790319495882,-0.0800035302644594,-0.0663662780830342
"573",-0.0487871933668976,-0.0666264979686116,-0.179608760446134,0.138523141046655
"574",-0.0740712457700667,-0.152866613304366,-0.191520944547607,-0.0612070299869341
"575",-0.0755600365702969,-0.111241366355112,-0.17219697140417,-0.0336060853569653
"576",-0.0740736792182944,-0.0755604042944918,-0.140976307647179,-0.0958568482067697
"577",-0.0829955805702086,-0.111243588131684,-0.181120238415335,-0.0286213360452428
"578",-0.0815073156721677,-0.074073689853517,-0.146923222876294,-0.0894991671500451
"579",-0.0859724496130992,-0.103813611048107,-0.181125310599808,0.00670168630241267
"580",-0.0844847218508391,-0.0636701385709365,-0.123140376513515,0.130117278971728
"581",-0.0978775369015935,-0.138022306137337,-0.184114448593192,0.0171316347507397
"582",-0.0948868568684955,-0.0829931137300046,-0.138001675745525,0.0276789794766728
"583",-0.0919136959322977,-0.0621792969102763,-0.0904269759811966,-0.007386733300111
"584",-0.0904258109805791,-0.0458244762212717,-0.0592048766490639,0.0307933953654667
"585",-0.0874529976270475,-0.0473116703511698,-0.0547452494763323,0.0101373662816209
"586",-0.0859658896190976,-0.0383910801281218,-0.0443379313144937,-0.0250949319025033
"587",-0.0844795952009239,-0.0398781136272385,-0.0413648296796947,-0.0402726634711202
"588",-0.0829937508898896,-0.0532592930970135,-0.0978609797863276,-0.0264300375420283
"589",-0.0815074767666711,-0.0473127687109682,-0.0606933066458085,0.00588367979682082
"590",-0.0785334291963815,-0.0369052227015209,-0.0383919443620516,-0.00869198454449091
"591",-0.0770467114725428,-0.0294716173155257,-0.0324450607003393,-0.00464810957491572
"592",-0.0740724809069279,-0.0264975940732494,-0.0279843092868018,-0.0154959914531663
"593",-0.0725857824451484,-0.0339311832782941,-0.0339311832782941,-0.0187289552374643
"594",-0.0710990346104173,-0.0354178726723194,-0.0369045877530735,-0.0415281870249342
"595",-0.0711001860949316,-0.0532594894956385,-0.126109000609419,-0.0642962266424098
"596",-0.0740762095777439,-0.0740762095777439,-0.179635168634025,-0.0216777467734042
"597",-0.0725897145564701,-0.0547487387460637,-0.138006625861294,-0.039038514614962
"598",-0.0725903345646967,-0.0562360501402294,-0.127600200356087,-0.0725190031934326
"599",-0.0755672478734928,-0.0830011525842351,-0.181128694766034,-0.0246155036919253
"600",-0.0740806412299623,-0.0606995998396174,-0.143959412935097,-0.135749979865391
"601",-0.0874748839624383,-0.136542040664127,-0.11572567115432,-0.133471926305459
"602",-0.100870389860118,-0.172245463374033,-0.158862637090174,0.116073962636563
"603",-0.106828548913341,-0.16184947406151,-0.155901265937384,0.0777441799863114
"604",-0.108320092910894,-0.12467800720125,-0.118729674732029,0.119561449447523
"605",-0.115766923640348,-0.151458750986977,-0.157407388878082,0.0750394647033148
"606",-0.115771224823146,-0.120232789552835,-0.117258413066376,-0.00150572285305394
"607",-0.112796835168933,-0.0726427550120997,-0.0785915076279269,0.0708779328269787
"608",-0.112800544524646,-0.0919795582948106,-0.096441198201204,0.023947594887401
"609",-0.109826461526418,-0.0652099916158789,-0.0741332855979867,0.0223976618731624
"610",-0.106852265825505,-0.0533124428209947,-0.0652101812664414,0.0104102951844459
"611",-0.103877801954284,-0.0443891179983892,-0.0607485060862604,-0.0299839998458189
"612",-0.100904045599589,-0.0533129429439827,-0.0652107186078843,-0.0229372633434244
"613",-0.0994171746452381,-0.0473643174143886,-0.0548004398759385,-0.0183816330230885
"614",-0.096442926201027,-0.0429027915880893,-0.0458772435110303,0.0245495505608886
"615",-0.0934688456207694,-0.0458775265045251,-0.0488519839492904,-0.00606645504735808
"616",-0.0919815540394837,-0.0384413369844243,-0.0399285652359537,-0.0112486298921433
"617",-0.0890071678062878,-0.0354669315138514,-0.0324924739420495,-0.0449059477634291
"618",-0.0875213379412091,-0.0666999848627979,-0.0548020688179915,0.018679953539828
"619",-0.0860342592619759,-0.0533149628169044,-0.0473659998268914,-0.0172255710469844
"620",-0.0845472080237146,-0.0429044257997809,-0.0399299413552143,-0.0358045862885703
"621",-0.0830608493988448,-0.0562903646545804,-0.051828617197203,-0.0131840459844897
"622",-0.0800864661362441,-0.0443924644771003,-0.0369562141314455,0.138922096884492
"623",-0.0949729655559567,-0.13215680007545,-0.111333852744534,0.023484354773601
"624",-0.0934859412533615,-0.0905112295984462,-0.0771250271513272,-0.00286708603547408
"625",-0.090511210554774,-0.0637388082476008,-0.0652261639313327,0.0136968452387401
"626",-0.0875365575373118,-0.0503526542658546,-0.0667135717052958,-0.00782623435281057
"627",-0.0860492242558626,-0.0399411787295129,-0.0548147418025289,-0.0036785307927407
"628",-0.083074494146128,-0.0354790967034115,-0.0429158775538361,-0.0109068744114376
"629",-0.0800998539368308,-0.0354791515918446,-0.0444032920608418,-0.00410966332030169
"630",-0.07861248166799,-0.0325044264435865,-0.0354791396838706,0.0769263261451831
"631",-0.0815911413394861,-0.0860533047911664,-0.0786163657050327,-0.0383637204637546
"632",-0.0815921683102372,-0.0711803967612291,-0.0622560211477936,-0.00636680808023573
"633",-0.0786173957903555,-0.0518442661522759,-0.0503568700612715,0.00271789502976238
"634",-0.0771299712777743,-0.0444072623386299,-0.0429198664777597,0.0146256063415551
"635",-0.0741552942831329,-0.0399451677652314,-0.0518443422062406,0.00606139486644269
"636",-0.0726678726318757,-0.0354829576585207,-0.0488695270489286,-0.0336313655394496
"637",-0.072668350697596,-0.0577943450347503,-0.0607691461673194,0.00029472083173321
"638",-0.0696935499374528,-0.048869941965469,-0.048869941965469,-0.163913338787527
"639",-0.0935115007338291,-0.150038243443078,-0.148550697582308,0.259736096921407
"640",-0.13522197460492,-0.304843726632526,-0.352456850008697,-0.0748119989881407
"641",-0.135227042212676,-0.184329104808543,-0.135227042212676,0.000811809534718439
"642",-0.130763144519265,-0.10398020961606,-0.0935646238203688,-0.0398932406117186
"643",-0.127788693304804,-0.0816622460909661,-0.106957394563071,-0.010645576403685
"644",-0.124812875080592,-0.0608310063817342,-0.0891020646440202,0.0330300720055636
"645",-0.121837806229558,-0.0608316161674123,-0.0861268657053752,-0.0295327199109521
"646",-0.118862592067091,-0.0563682527701601,-0.0771996992024704,0.00159030679386039
"647",-0.114398697381607,-0.0504164014784688,-0.0667839655467134,-0.00968305927895416
"648",-0.111422849689642,-0.041488688872039,-0.0652960627673932,0.0307898384570058
"649",-0.109935571809662,-0.0593447426833521,-0.0667845704960448,0.00365049184881569
"650",-0.105471658776228,-0.0519049026543102,-0.0593447298934655,0.0127773020695425
"651",-0.102495824191194,-0.0444651449918726,-0.0667846369916116,-0.00965967064604299
"652",-0.101007940249908,-0.0385133379046509,-0.0444652047946754,-0.0214208670080004
"653",-0.0980323763842851,-0.0519053246632423,-0.042977508201105,-0.0747830701608058
"654",-0.099524680090933,-0.0905966758614473,-0.0980366793860187,-0.0643637989422224
"655",-0.099527895721602,-0.093575800031745,-0.0965518478766736,-0.111060925328538
"656",-0.10548970680701,-0.135251548820583,-0.148644377726691,-0.169542283355794
"657",-0.121882948969256,-0.20373669592686,-0.232013444875851,0.409933037400937
"658",-0.19796871076091,-0.42878768331149,-0.436233456619574,0.0148500446559657
"659",-0.193501445283209,-0.230730336452304,-0.127978596825602,-0.0242520980052939
"660",-0.187545495640851,-0.14287072401849,-0.111598383882837,-0.010252879866859
"661",-0.181588994052597,-0.0996852078118938,-0.0967068883122318,-0.0661930914104592
"662",-0.178615345013745,-0.102666953942072,-0.135429004992597,-0.0755078496328571
"663",-0.17564294905771,-0.110117460243537,-0.133944910721418,-0.0527767042342209
"664",-0.171178214019636,-0.0952274193304889,-0.117565888356709,0.0257270811069574
"665",-0.166711119250166,-0.075867812742365,-0.0996955652690015,0.111997369909296
"666",-0.168212595012136,-0.135447975629262,-0.129490772105103,0.0503681590147152
"667",-0.163747032324392,-0.105663795163514,-0.105663795163514,-0.0626330100387362
"668",-0.160772332648353,-0.101198906422605,-0.104177577733892,0.0148263505404459
"669",-0.156304499068995,-0.0758803206164778,-0.0922630236345831,0.000832750695800651
"670",-0.151836481892329,-0.0684336325079291,-0.075880315488679,0.084609690336077
"671",-0.150353616587899,-0.113119263815784,-0.114608637926668,0.0167730846264255
"672",-0.147375067208224,-0.0848213055694405,-0.0952469325092377,-0.00634567529005711
"673",-0.142906991365824,-0.0699275881636127,-0.0743957148902786,-0.0414177076673086
"674",-0.139929851972257,-0.0788650540871212,-0.0863119806584792,-0.0327137196960909
"675",-0.135462688224032,-0.0699294657403149,-0.0699294657403149,0.0632055414170594
"676",-0.13397646845156,-0.092272958806017,-0.0937623698647864,0.0180574698892381
"677",-0.130997714458187,-0.0714212550229811,-0.0803577239382619,-0.00374702167241265
"678",-0.126526044387743,-0.0624822944651882,-0.0624822944651882,-0.110147503233321
"679",-0.129513671654355,-0.126534780938973,-0.138450343800502,0.167655635353032
"680",-0.1429435753604,-0.195079364921614,-0.217423274733563,-0.0654837100359866
"681",-0.139968297729181,-0.138478680114264,-0.116134415890498,-0.0150768776631324
"682",-0.136989228430445,-0.0923006695368416,-0.0923006695368416,-0.0716286786025325
"683",-0.135504136492936,-0.104221560279488,-0.110180146224907,0.0712126502072949
"684",-0.13401701416593,-0.107203096081092,-0.110182420312741,-0.00979392248259882
"685",-0.131030851849579,-0.0774045590720622,-0.0848526552911617,0.0175965960782181
"686",-0.126562145871413,-0.0639980969048536,-0.0833631596802171,0.00359309807462196
"687",-0.123582778195399,-0.0595291444309394,-0.0714460995499087,-0.0142463315359416
"688",-0.119113975561225,-0.0520810865213475,-0.0669772840857646,0.0415142482377079
"689",-0.11762558641028,-0.0788952601464966,-0.0759160042800517,0.0503543960620943
"690",-0.116137807582154,-0.0833657209421498,-0.0848553612439682,-0.0113700656238827
"691",-0.111668855380109,-0.0654900126462257,-0.0580418122052767,0.0243383810998316
"692",-0.110179559925244,-0.0610213588507216,-0.064000643764329,-0.00203814788996523
"693",-0.105710512061541,-0.0565523388907287,-0.049104130834545,-0.0266177032683031
"694",-0.104219460045212,-0.0669786689524723,-0.0491030892279573,-0.0243636865179022
"695",-0.101240618317339,-0.0580412130137261,-0.0431448663573079,-0.065776712929457
"696",-0.101243732392041,-0.0937954474482507,-0.0923057904594927,-0.126774450389662
"697",-0.11019292803909,-0.145946552052085,-0.162333629724708,0.00616381589499473
"698",-0.107194337804898,-0.0967671302271127,-0.0937879280620313,-0.136364862878068
"699",-0.116147019530643,-0.15487926945592,-0.15487926945592,-0.199249121100209
"700",-0.137025587171382,-0.236844934667664,-0.253233185749144,0.547734440602543
